company_name,legal_name,dba_name,phone,email,website,address,city,state,zip,business_hours,description,services,specialty,google_business_url,social_media,year_established,license_number,insurance_verified,search_query
"Kelcon, LLC","Kelcon, LLC",,,,,,,,,,,,Contractor Services,,,,,,"""Kelcon, LLC"" contractor phone address"
Caulum Custom Construction LLC,Caulum Custom Construction LLC,,,,,,,,,,,,General Construction,,,,,,"""Caulum Custom Construction LLC"" contractor phone address"
Alabama Spray Foam LLC,Alabama Spray Foam LLC,,,,,,,,,,,,Spray Foam Insulation,,,,,,"""Alabama Spray Foam LLC"" contractor phone address"
A to Z Insulation LLC,A to Z Insulation LLC,,,,,,,,,,,,Spray Foam Insulation,,,,,,"""A to Z Insulation LLC"" contractor phone address"
Premier Builders and Property Mgmt,Premier Builders and Property Mgmt,,,,,,,,,,,,General Construction,,,,,,"""Premier Builders and Property Mgmt"" contractor phone address"
Kaszas and Company LLC DBA: Augusta Roofing Pros,Kaszas and Company LLC,Augusta Roofing Pros,,,,,,,,,,,Roofing,,,,,,"""Kaszas and Company LLC"" contractor phone address"
Dutch Land Roofing LLC,Dutch Land Roofing LLC,,,,,,,,,,,,Roofing,,,,,,"""Dutch Land Roofing LLC"" contractor phone address"
Reimagine Roofing LLC DBA: Reimagine Construction,Reimagine Roofing LLC,Reimagine Construction,,,,,,,,,,,Roofing,,,,,,"""Reimagine Roofing LLC"" contractor phone address"
High-Tech Construction Inc,High-Tech Construction Inc,,,,,,,,,,,,General Construction,,,,,,"""High-Tech Construction Inc"" contractor phone address"
817 Boyd LLC DBA: Impression Roofing,817 Boyd LLC,Impression Roofing,,,,,,,,,,,Roofing,,,,,,"""817 Boyd LLC"" contractor phone address"
Texas Geotek LLC,Texas Geotek LLC,,,,,,,,,,,,Contractor Services,,,,,,"""Texas Geotek LLC"" contractor phone address"
Blue Line Construction and Roofing LLC,Blue Line Construction and Roofing LLC,,,,,,,,,,,,Roofing,,,,,,"""Blue Line Construction and Roofing LLC"" contractor phone address"
EDI Insulation LLC DBA: ***DONT ISSUE CERTS WITHOUT PERMISSION***,EDI Insulation LLC,***DONT ISSUE CERTS WITHOUT PERMISSION***,,,,,,,,,,,Spray Foam Insulation,,,,,,"""EDI Insulation LLC"" contractor phone address"
Sunshine Plumbing & Mechanical LLC,Sunshine Plumbing & Mechanical LLC,,,,,,,,,,,,Plumbing,,,,,,"""Sunshine Plumbing & Mechanical LLC"" contractor phone address"
3VD Constructions LLC,3VD Constructions LLC,,,,,,,,,,,,General Construction,,,,,,"""3VD Constructions LLC"" contractor phone address"
Pearsons Spray Foam Insulation LLC,Pearsons Spray Foam Insulation LLC,,,,,,,,,,,,Spray Foam Insulation,,,,,,"""Pearsons Spray Foam Insulation LLC"" contractor phone address"
1-256-Roofers LLC,1-256-Roofers LLC,,,,,,,,,,,,Roofing,,,,,,"""1-256-Roofers LLC"" contractor phone address"
"Top Notch Insulating, TNR","Top Notch Insulating, TNR",,,,,,,,,,,,Contractor Services,,,,,,"""Top Notch Insulating, TNR"" contractor phone address"
Bright Side Roofing and Siding Inc,Bright Side Roofing and Siding Inc,,,,,,,,,,,,Roofing,,,,,,"""Bright Side Roofing and Siding Inc"" contractor phone address"
Northern Lights Roofing and Consulting LLC,Northern Lights Roofing and Consulting LLC,,,,,,,,,,,,Roofing,,,,,,"""Northern Lights Roofing and Consulting LLC"" contractor phone address"
Purpose Coffee Shop,Purpose Coffee Shop,,,,,,,,,,,,Contractor Services,,,,,,"""Purpose Coffee Shop"" contractor phone address"
R&R Pro Spray Foam LLC,R&R Pro Spray Foam LLC,,,,,,,,,,,,Spray Foam Insulation,,,,,,"""R&R Pro Spray Foam LLC"" contractor phone address"
Eduardo Escobar,Eduardo Escobar,,,,,,,,,,,,Contractor Services,,,,,,"""Eduardo Escobar"" contractor phone address"
Chicago Roofing & Construction PLLC,Chicago Roofing & Construction PLLC,,,,,,,,,,,,Roofing,,,,,,"""Chicago Roofing & Construction PLLC"" contractor phone address"
"Home Sweet Foam Insulation, LLC","Home Sweet Foam Insulation, LLC",,,,,,,,,,,,Spray Foam Insulation,,,,,,"""Home Sweet Foam Insulation, LLC"" contractor phone address"
Royalty Roofing AZ,Royalty Roofing AZ,,,,,,,,,,,,Roofing,,,,,,"""Royalty Roofing AZ"" contractor phone address"
Winnebago Commercial Roofing LLC,Winnebago Commercial Roofing LLC,,,,,,,,,,,,Roofing,,,,,,"""Winnebago Commercial Roofing LLC"" contractor phone address"
Terra Excavation and Construction LLC,Terra Excavation and Construction LLC,,,,,,,,,,,,General Construction,,,,,,"""Terra Excavation and Construction LLC"" contractor phone address"
State Construction LLC,State Construction LLC,,,,,,,,,,,,General Construction,,,,,,"""State Construction LLC"" contractor phone address"
Liquid Smoke LLC,Liquid Smoke LLC,,,,,,,,,,,,Contractor Services,,,,,,"""Liquid Smoke LLC"" contractor phone address"
RenoNation LLC,RenoNation LLC,,,,,,,,,,,,Contractor Services,,,,,,"""RenoNation LLC"" contractor phone address"
M3 Insulation LLC,M3 Insulation LLC,,,,,,,,,,,,Spray Foam Insulation,,,,,,"""M3 Insulation LLC"" contractor phone address"
Cool Tech Roofing LLC,Cool Tech Roofing LLC,,,,,,,,,,,,Roofing,,,,,,"""Cool Tech Roofing LLC"" contractor phone address"
Energy Fox Solutions LLC,Energy Fox Solutions LLC,,,,,,,,,,,,Contractor Services,,,,,,"""Energy Fox Solutions LLC"" contractor phone address"
Jackson Spray Foam Insulation LLC,Jackson Spray Foam Insulation LLC,,,,,,,,,,,,Spray Foam Insulation,,,,,,"""Jackson Spray Foam Insulation LLC"" contractor phone address"
Big Dog Insulation LLC,Big Dog Insulation LLC,,,,,,,,,,,,Spray Foam Insulation,,,,,,"""Big Dog Insulation LLC"" contractor phone address"
Thoroughbred Construction LLC,Thoroughbred Construction LLC,,,,,,,,,,,,General Construction,,,,,,"""Thoroughbred Construction LLC"" contractor phone address"
"Storehouse Industries, LLC","Storehouse Industries, LLC",,,,,,,,,,,,Contractor Services,,,,,,"""Storehouse Industries, LLC"" contractor phone address"
"Spray Tex Insulation, LLC","Spray Tex Insulation, LLC",,,,,,,,,,,,Spray Foam Insulation,,,,,,"""Spray Tex Insulation, LLC"" contractor phone address"
Spray R Us LLC,Spray R Us LLC,,,,,,,,,,,,Contractor Services,,,,,,"""Spray R Us LLC"" contractor phone address"
Eagle Point Custom Contractors LLC,Eagle Point Custom Contractors LLC,,,,,,,,,,,,Contractor Services,,,,,,"""Eagle Point Custom Contractors LLC"" contractor phone address"
Aspen Roofing LLC,Aspen Roofing LLC,,,,,,,,,,,,Roofing,,,,,,"""Aspen Roofing LLC"" contractor phone address"
Freedom Roofing,Freedom Roofing,,,,,,,,,,,,Roofing,,,,,,"""Freedom Roofing"" contractor phone address"
Knight House Inc,Knight House Inc,,,,,,,,,,,,Contractor Services,,,,,,"""Knight House Inc"" contractor phone address"
Advanced Roofing and Insulation LLC,Advanced Roofing and Insulation LLC,,,,,,,,,,,,Spray Foam Insulation,,,,,,"""Advanced Roofing and Insulation LLC"" contractor phone address"
The Right R Value LLC,The Right R Value LLC,,,,,,,,,,,,Contractor Services,,,,,,"""The Right R Value LLC"" contractor phone address"
Oakwood Roofing and Construction LLC,Oakwood Roofing and Construction LLC,,,,,,,,,,,,Roofing,,,,,,"""Oakwood Roofing and Construction LLC"" contractor phone address"
Gaia's Permaculture Design and Landscape LLC,Gaia's Permaculture Design and Landscape LLC,,,,,,,,,,,,Contractor Services,,,,,,"""Gaia's Permaculture Design and Landscape LLC"" contractor phone address"
Dependable Drain Cleaning,Dependable Drain Cleaning,,,,,,,,,,,,Contractor Services,,,,,,"""Dependable Drain Cleaning"" contractor phone address"
Ernst Construction LLC,Ernst Construction LLC,,,,,,,,,,,,General Construction,,,,,,"""Ernst Construction LLC"" contractor phone address"
Tideline Painting and Design LLC,Tideline Painting and Design LLC,,,,,,,,,,,,Contractor Services,,,,,,"""Tideline Painting and Design LLC"" contractor phone address"
Team Builders LLC,Team Builders LLC,,,,,,,,,,,,General Construction,,,,,,"""Team Builders LLC"" contractor phone address"
Five Points Construction LLC,Five Points Construction LLC,,,,,,,,,,,,General Construction,,,,,,"""Five Points Construction LLC"" contractor phone address"
Unique Foam Insulation,Unique Foam Insulation,,,,,,,,,,,,Spray Foam Insulation,,,,,,"""Unique Foam Insulation"" contractor phone address"
AFC Builders Choice LLC,AFC Builders Choice LLC,,,,,,,,,,,,General Construction,,,,,,"""AFC Builders Choice LLC"" contractor phone address"
Grace Under Pressure Inc DBA: Fortress Foam Insulation,Grace Under Pressure Inc,Fortress Foam Insulation,,,,,,,,,,,Spray Foam Insulation,,,,,,"""Grace Under Pressure Inc"" contractor phone address"
AEL Builders LLC,AEL Builders LLC,,,,,,,,,,,,General Construction,,,,,,"""AEL Builders LLC"" contractor phone address"
Ellison Insulation LLC,Ellison Insulation LLC,,,,,,,,,,,,Spray Foam Insulation,,,,,,"""Ellison Insulation LLC"" contractor phone address"
DBA: Kentucky Commercial Roofing,,Kentucky Commercial Roofing,,,,,,,,,,,Roofing,,,,,,"""DBA: Kentucky Commercial Roofing"" contractor phone address"
Guardsmen Commercial Roofing LLC,Guardsmen Commercial Roofing LLC,,,,,,,,,,,,Roofing,,,,,,"""Guardsmen Commercial Roofing LLC"" contractor phone address"
Janie Construction LLC,Janie Construction LLC,,,,,,,,,,,,General Construction,,,,,,"""Janie Construction LLC"" contractor phone address"
LR Roofing Systems LLC DBA: LR Contracting LLC; Rissler All-Weather Roofing & Repairs,LR Roofing Systems LLC,LR Contracting LLC; Rissler All-Weather Roofing & Repairs,,,,,,,,,,,Roofing,,,,,,"""LR Roofing Systems LLC"" contractor phone address"
Masterbuilt Roofing Inc,Masterbuilt Roofing Inc,,,,,,,,,,,,Roofing,,,,,,"""Masterbuilt Roofing Inc"" contractor phone address"
5 Star Roofing and Siding LLC,5 Star Roofing and Siding LLC,,,,,,,,,,,,Roofing,,,,,,"""5 Star Roofing and Siding LLC"" contractor phone address"
HFL Construction LLC,HFL Construction LLC,,,,,,,,,,,,General Construction,,,,,,"""HFL Construction LLC"" contractor phone address"
Mike Costello DBA: Costello Painting,Mike Costello,Costello Painting,,,,,,,,,,,Contractor Services,,,,,,"""Mike Costello"" contractor phone address"
TG Carpentry LLC,TG Carpentry LLC,,,,,,,,,,,,Contractor Services,,,,,,"""TG Carpentry LLC"" contractor phone address"
EZ Roofing INC,EZ Roofing INC,,,,,,,,,,,,Roofing,,,,,,"""EZ Roofing INC"" contractor phone address"
Patteson Spray Foam LLC,Patteson Spray Foam LLC,,,,,,,,,,,,Spray Foam Insulation,,,,,,"""Patteson Spray Foam LLC"" contractor phone address"
Grand Construction Inc,Grand Construction Inc,,,,,,,,,,,,General Construction,,,,,,"""Grand Construction Inc"" contractor phone address"
Oak Ridge Commercial Roofing Solutions LLC,Oak Ridge Commercial Roofing Solutions LLC,,,,,,,,,,,,Roofing,,,,,,"""Oak Ridge Commercial Roofing Solutions LLC"" contractor phone address"
Efficient Foam LLC,Efficient Foam LLC,,,,,,,,,,,,Contractor Services,,,,,,"""Efficient Foam LLC"" contractor phone address"
Carlos Echevarria Contractors,Carlos Echevarria Contractors,,,,,,,,,,,,Contractor Services,,,,,,"""Carlos Echevarria Contractors"" contractor phone address"
MJL Builders Inc.,MJL Builders Inc.,,,,,,,,,,,,General Construction,,,,,,"""MJL Builders Inc."" contractor phone address"
Gonzalez Construction and Remodeling LLC,Gonzalez Construction and Remodeling LLC,,,,,,,,,,,,General Construction,,,,,,"""Gonzalez Construction and Remodeling LLC"" contractor phone address"
All Star Spray Foam LLC,All Star Spray Foam LLC,,,,,,,,,,,,Spray Foam Insulation,,,,,,"""All Star Spray Foam LLC"" contractor phone address"
Master Repair Services LLC,Master Repair Services LLC,,,,,,,,,,,,Contractor Services,,,,,,"""Master Repair Services LLC"" contractor phone address"
Southeast Roofing LLC,Southeast Roofing LLC,,,,,,,,,,,,Roofing,,,,,,"""Southeast Roofing LLC"" contractor phone address"
R Chan Construction Company,R Chan Construction Company,,,,,,,,,,,,General Construction,,,,,,"""R Chan Construction Company"" contractor phone address"
Bright Star Roofing Solutions LLC,Bright Star Roofing Solutions LLC,,,,,,,,,,,,Roofing,,,,,,"""Bright Star Roofing Solutions LLC"" contractor phone address"
Barrier Insulation & Energy LLC DBA: Barrier Insulation Inc,Barrier Insulation & Energy LLC,Barrier Insulation Inc,,,,,,,,,,,Spray Foam Insulation,,,,,,"""Barrier Insulation & Energy LLC"" contractor phone address"
Supreme Roofing and Storm Restoration LLC DBA: Sublime Exteriors,Supreme Roofing and Storm Restoration LLC,Sublime Exteriors,,,,,,,,,,,Roofing,,,,,,"""Supreme Roofing and Storm Restoration LLC"" contractor phone address"
Red Oak Custom Builders Inc,Red Oak Custom Builders Inc,,,,,,,,,,,,General Construction,,,,,,"""Red Oak Custom Builders Inc"" contractor phone address"
North Idaho Insulation LLC,North Idaho Insulation LLC,,,,,,,,,,,,Spray Foam Insulation,,,,,,"""North Idaho Insulation LLC"" contractor phone address"
3 Arrows Construction LLC,3 Arrows Construction LLC,,,,,,,,,,,,General Construction,,,,,,"""3 Arrows Construction LLC"" contractor phone address"
Superior Heights LLC,Superior Heights LLC,,,,,,,,,,,,Contractor Services,,,,,,"""Superior Heights LLC"" contractor phone address"
High Caliber Spray Foam Specialists LLC,High Caliber Spray Foam Specialists LLC,,,,,,,,,,,,Spray Foam Insulation,,,,,,"""High Caliber Spray Foam Specialists LLC"" contractor phone address"
ROI Services LLC,ROI Services LLC,,,,,,,,,,,,Contractor Services,,,,,,"""ROI Services LLC"" contractor phone address"
Limitless Restoration Inc,Limitless Restoration Inc,,,,,,,,,,,,Contractor Services,,,,,,"""Limitless Restoration Inc"" contractor phone address"
B&D Greenseal LLC,B&D Greenseal LLC,,,,,,,,,,,,Contractor Services,,,,,,"""B&D Greenseal LLC"" contractor phone address"
Advanced Insulation Solutions LLC,Advanced Insulation Solutions LLC,,,,,,,,,,,,Spray Foam Insulation,,,,,,"""Advanced Insulation Solutions LLC"" contractor phone address"
Insulation Contractors of Arizona LLC,Insulation Contractors of Arizona LLC,,,,,,,,,,,,Spray Foam Insulation,,,,,,"""Insulation Contractors of Arizona LLC"" contractor phone address"
Pinnacle Peak Landscaping LLC DBA: Pinnacle Peak Pavers,Pinnacle Peak Landscaping LLC,Pinnacle Peak Pavers,,,,,,,,,,,Contractor Services,,,,,,"""Pinnacle Peak Landscaping LLC"" contractor phone address"
SCC Commercial Roofing LLC,SCC Commercial Roofing LLC,,,,,,,,,,,,Roofing,,,,,,"""SCC Commercial Roofing LLC"" contractor phone address"
Varnado Builders LLC,Varnado Builders LLC,,,,,,,,,,,,General Construction,,,,,,"""Varnado Builders LLC"" contractor phone address"
South Paradise Roofing LLC,South Paradise Roofing LLC,,,,,,,,,,,,Roofing,,,,,,"""South Paradise Roofing LLC"" contractor phone address"
Maven Advanage Inc,Maven Advanage Inc,,,,,,,,,,,,Contractor Services,,,,,,"""Maven Advanage Inc"" contractor phone address"
"Walton Home & Preservation Services, Inc.","Walton Home & Preservation Services, Inc.",,,,,,,,,,,,Contractor Services,,,,,,"""Walton Home & Preservation Services, Inc."" contractor phone address"
B W Insulation LLC,B W Insulation LLC,,,,,,,,,,,,Spray Foam Insulation,,,,,,"""B W Insulation LLC"" contractor phone address"
Danny Treadaway,Danny Treadaway,,,,,,,,,,,,Contractor Services,,,,,,"""Danny Treadaway"" contractor phone address"
Elite Spray Foam LLC,Elite Spray Foam LLC,,,,,,,,,,,,Spray Foam Insulation,,,,,,"""Elite Spray Foam LLC"" contractor phone address"
Complete Consulting & Construction LLC,Complete Consulting & Construction LLC,,,,,,,,,,,,General Construction,,,,,,"""Complete Consulting & Construction LLC"" contractor phone address"
Maine Insulation Systems LLC,Maine Insulation Systems LLC,,,,,,,,,,,,Spray Foam Insulation,,,,,,"""Maine Insulation Systems LLC"" contractor phone address"
Alpha Fiber Communications LLC,Alpha Fiber Communications LLC,,,,,,,,,,,,Contractor Services,,,,,,"""Alpha Fiber Communications LLC"" contractor phone address"
Insulation C2C LLC,Insulation C2C LLC,,,,,,,,,,,,Spray Foam Insulation,,,,,,"""Insulation C2C LLC"" contractor phone address"
A1 Foams LLC,A1 Foams LLC,,,,,,,,,,,,Contractor Services,,,,,,"""A1 Foams LLC"" contractor phone address"
Innovative Home Performance Inc DBA: Nevada Urethane,Innovative Home Performance Inc,Nevada Urethane,,,,,,,,,,,Contractor Services,,,,,,"""Innovative Home Performance Inc"" contractor phone address"
Demor Construction LLC,Demor Construction LLC,,,,,,,,,,,,General Construction,,,,,,"""Demor Construction LLC"" contractor phone address"
Elevated Excavation LLC,Elevated Excavation LLC,,,,,,,,,,,,Excavation,,,,,,"""Elevated Excavation LLC"" contractor phone address"
DBA: Detweiler's Roofs,,Detweiler's Roofs,,,,,,,,,,,Roofing,,,,,,"""DBA: Detweiler's Roofs"" contractor phone address"
Ace Overhead Doors LLC,Ace Overhead Doors LLC,,,,,,,,,,,,Contractor Services,,,,,,"""Ace Overhead Doors LLC"" contractor phone address"
Southern Star Building LLC,Southern Star Building LLC,,,,,,,,,,,,Contractor Services,,,,,,"""Southern Star Building LLC"" contractor phone address"
Ryals Remodeling LLC,Ryals Remodeling LLC,,,,,,,,,,,,Contractor Services,,,,,,"""Ryals Remodeling LLC"" contractor phone address"
"Johnson Brothers Construction, LLC","Johnson Brothers Construction, LLC",,,,,,,,,,,,General Construction,,,,,,"""Johnson Brothers Construction, LLC"" contractor phone address"
Driggers Developing Services LLC,Driggers Developing Services LLC,,,,,,,,,,,,Contractor Services,,,,,,"""Driggers Developing Services LLC"" contractor phone address"
Clay Law Construction LLC,Clay Law Construction LLC,,,,,,,,,,,,General Construction,,,,,,"""Clay Law Construction LLC"" contractor phone address"
B.Wilde Builders LLC DBA: B. Wilde Builders + Design LLC,B.Wilde Builders LLC,B. Wilde Builders + Design LLC,,,,,,,,,,,General Construction,,,,,,"""B.Wilde Builders LLC"" contractor phone address"
Humble Enterprises LLC,Humble Enterprises LLC,,,,,,,,,,,,Contractor Services,,,,,,"""Humble Enterprises LLC"" contractor phone address"
Spray Foam Specialties LLC,Spray Foam Specialties LLC,,,,,,,,,,,,Spray Foam Insulation,,,,,,"""Spray Foam Specialties LLC"" contractor phone address"
Maximum Efficiency Spray Foam LLC,Maximum Efficiency Spray Foam LLC,,,,,,,,,,,,Spray Foam Insulation,,,,,,"""Maximum Efficiency Spray Foam LLC"" contractor phone address"
Boots on Roofs Lexington LLC,Boots on Roofs Lexington LLC,,,,,,,,,,,,Roofing,,,,,,"""Boots on Roofs Lexington LLC"" contractor phone address"
The Insulators LLC/Energy Insulation Solutions LLC,The Insulators LLC/Energy Insulation Solutions LLC,,,,,,,,,,,,Spray Foam Insulation,,,,,,"""The Insulators LLC/Energy Insulation Solutions LLC"" contractor phone address"
Kevin Erickson,Kevin Erickson,,,,,,,,,,,,Contractor Services,,,,,,"""Kevin Erickson"" contractor phone address"
Sol Vista Roofing LLC,Sol Vista Roofing LLC,,,,,,,,,,,,Roofing,,,,,,"""Sol Vista Roofing LLC"" contractor phone address"
Jeremiah Packer DBA: Superior Roofing,Jeremiah Packer,Superior Roofing,,,,,,,,,,,Roofing,,,,,,"""Jeremiah Packer"" contractor phone address"
Air Barrier Spray Foam Systems LLC,Air Barrier Spray Foam Systems LLC,,,,,,,,,,,,Spray Foam Insulation,,,,,,"""Air Barrier Spray Foam Systems LLC"" contractor phone address"
Ram Roofing LLC,Ram Roofing LLC,,,,,,,,,,,,Roofing,,,,,,"""Ram Roofing LLC"" contractor phone address"
Roof Co & Solar LLC,Roof Co & Solar LLC,,,,,,,,,,,,Roofing,,,,,,"""Roof Co & Solar LLC"" contractor phone address"
Houston Hidden Fence LLC,Houston Hidden Fence LLC,,,,,,,,,,,,Contractor Services,,,,,,"""Houston Hidden Fence LLC"" contractor phone address"
Insulation Systems of Oklahoma Inc.,Insulation Systems of Oklahoma Inc.,,,,,,,,,,,,Spray Foam Insulation,,,,,,"""Insulation Systems of Oklahoma Inc."" contractor phone address"
Burish Builders Inc,Burish Builders Inc,,,,,,,,,,,,General Construction,,,,,,"""Burish Builders Inc"" contractor phone address"
Remodeling Solutions LLC DBA: Axis Roofing,Remodeling Solutions LLC,Axis Roofing,,,,,,,,,,,Roofing,,,,,,"""Remodeling Solutions LLC"" contractor phone address"
Calvin Miller DBA: Millers Roof Coatings,Calvin Miller,Millers Roof Coatings,,,,,,,,,,,Roofing,,,,,,"""Calvin Miller"" contractor phone address"
Redeemed GC LLC,Redeemed GC LLC,,,,,,,,,,,,Contractor Services,,,,,,"""Redeemed GC LLC"" contractor phone address"
City Limits RV Resort LLC,City Limits RV Resort LLC,,,,,,,,,,,,Contractor Services,,,,,,"""City Limits RV Resort LLC"" contractor phone address"
Top Gun Contractors LLC,Top Gun Contractors LLC,,,,,,,,,,,,Contractor Services,,,,,,"""Top Gun Contractors LLC"" contractor phone address"
Liberty First Spray Foam LLC,Liberty First Spray Foam LLC,,,,,,,,,,,,Spray Foam Insulation,,,,,,"""Liberty First Spray Foam LLC"" contractor phone address"
Premier Commercial Roofing LLC,Premier Commercial Roofing LLC,,,,,,,,,,,,Roofing,,,,,,"""Premier Commercial Roofing LLC"" contractor phone address"
Five Star Coatings LLC,Five Star Coatings LLC,,,,,,,,,,,,Contractor Services,,,,,,"""Five Star Coatings LLC"" contractor phone address"
Bright Side Roofing and Siding Inc DBA: **No Certs Until Audit Payment**,Bright Side Roofing and Siding Inc,**No Certs Until Audit Payment**,,,,,,,,,,,Roofing,,,,,,"""Bright Side Roofing and Siding Inc"" contractor phone address"
JT's Spray Foam Solutions LLC,JT's Spray Foam Solutions LLC,,,,,,,,,,,,Spray Foam Insulation,,,,,,"""JT's Spray Foam Solutions LLC"" contractor phone address"
Bahr Spray Foam LLC DBA: Main Street Rentals,Bahr Spray Foam LLC,Main Street Rentals,,,,,,,,,,,Spray Foam Insulation,,,,,,"""Bahr Spray Foam LLC"" contractor phone address"
"Isles of Foam, LLC","Isles of Foam, LLC",,,,,,,,,,,,Contractor Services,,,,,,"""Isles of Foam, LLC"" contractor phone address"
IHS Solar & Construction LLC DBA: IHS General Contracting Services,IHS Solar & Construction LLC,IHS General Contracting Services,,,,,,,,,,,General Construction,,,,,,"""IHS Solar & Construction LLC"" contractor phone address"
"The Contractors Choice Agency, Inc.","The Contractors Choice Agency, Inc.",,,,,,,,,,,,Contractor Services,,,,,,"""The Contractors Choice Agency, Inc."" contractor phone address"
Bulletproof Insulation LLC,Bulletproof Insulation LLC,,,,,,,,,,,,Spray Foam Insulation,,,,,,"""Bulletproof Insulation LLC"" contractor phone address"
HailStorm Roofing & Construction LLC,HailStorm Roofing & Construction LLC,,,,,,,,,,,,Roofing,,,,,,"""HailStorm Roofing & Construction LLC"" contractor phone address"
Hyde Roofing LLC,Hyde Roofing LLC,,,,,,,,,,,,Roofing,,,,,,"""Hyde Roofing LLC"" contractor phone address"
MGC Roofing LLC,MGC Roofing LLC,,,,,,,,,,,,Roofing,,,,,,"""MGC Roofing LLC"" contractor phone address"
Better Performance Spray Foam LLC,Better Performance Spray Foam LLC,,,,,,,,,,,,Spray Foam Insulation,,,,,,"""Better Performance Spray Foam LLC"" contractor phone address"
Insulado LLC,Insulado LLC,,,,,,,,,,,,Contractor Services,,,,,,"""Insulado LLC"" contractor phone address"
United Contractors of The Carolinas LLC,United Contractors of The Carolinas LLC,,,,,,,,,,,,Contractor Services,,,,,,"""United Contractors of The Carolinas LLC"" contractor phone address"
"SW Specialties, INC.","SW Specialties, INC.",,,,,,,,,,,,Contractor Services,,,,,,"""SW Specialties, INC."" contractor phone address"
Sharp Plumbing LLC,Sharp Plumbing LLC,,,,,,,,,,,,Plumbing,,,,,,"""Sharp Plumbing LLC"" contractor phone address"
Tex Pro Insulation LLC,Tex Pro Insulation LLC,,,,,,,,,,,,Spray Foam Insulation,,,,,,"""Tex Pro Insulation LLC"" contractor phone address"
Seamless Roof Restoration LLC,Seamless Roof Restoration LLC,,,,,,,,,,,,Roofing,,,,,,"""Seamless Roof Restoration LLC"" contractor phone address"
ResCo Roofing Company Inc,ResCo Roofing Company Inc,,,,,,,,,,,,Roofing,,,,,,"""ResCo Roofing Company Inc"" contractor phone address"
Croft Foam Inc DBA: Croft Insulation,Croft Foam Inc,Croft Insulation,,,,,,,,,,,Spray Foam Insulation,,,,,,"""Croft Foam Inc"" contractor phone address"
301 Development Corp DBA: Mastercraft Construction and home building,301 Development Corp,Mastercraft Construction and home building,,,,,,,,,,,General Construction,,,,,,"""301 Development Corp"" contractor phone address"
Apex Spray Foam,Apex Spray Foam,,,,,,,,,,,,Spray Foam Insulation,,,,,,"""Apex Spray Foam"" contractor phone address"
Passanisi Insulation LLC,Passanisi Insulation LLC,,,,,,,,,,,,Spray Foam Insulation,,,,,,"""Passanisi Insulation LLC"" contractor phone address"
Lighthouse Improvements LLC DBA: CityTop Roofing,Lighthouse Improvements LLC,CityTop Roofing,,,,,,,,,,,Roofing,,,,,,"""Lighthouse Improvements LLC"" contractor phone address"
Lyons Solutions LLC,Lyons Solutions LLC,,,,,,,,,,,,Contractor Services,,,,,,"""Lyons Solutions LLC"" contractor phone address"
4K Roofing and Restoration LLC,4K Roofing and Restoration LLC,,,,,,,,,,,,Roofing,,,,,,"""4K Roofing and Restoration LLC"" contractor phone address"
Prestige Roofing LLC,Prestige Roofing LLC,,,,,,,,,,,,Roofing,,,,,,"""Prestige Roofing LLC"" contractor phone address"
Chris M Jackson Roofing,Chris M Jackson Roofing,,,,,,,,,,,,Roofing,,,,,,"""Chris M Jackson Roofing"" contractor phone address"
Midwestern Foam,Midwestern Foam,,,,,,,,,,,,Contractor Services,,,,,,"""Midwestern Foam"" contractor phone address"
Superior Thermal Solutions LLC DBA: Red Plains Construction,Superior Thermal Solutions LLC,Red Plains Construction,,,,,,,,,,,General Construction,,,,,,"""Superior Thermal Solutions LLC"" contractor phone address"
Colony Insulation LLC,Colony Insulation LLC,,,,,,,,,,,,Spray Foam Insulation,,,,,,"""Colony Insulation LLC"" contractor phone address"
"EcoStar Construction, Inc.","EcoStar Construction, Inc.",,,,,,,,,,,,General Construction,,,,,,"""EcoStar Construction, Inc."" contractor phone address"
Alpha Plumbing Repair LLC,Alpha Plumbing Repair LLC,,,,,,,,,,,,Plumbing,,,,,,"""Alpha Plumbing Repair LLC"" contractor phone address"
DT Construction LLC,DT Construction LLC,,,,,,,,,,,,General Construction,,,,,,"""DT Construction LLC"" contractor phone address"
Performance Foam Tech Inc,Performance Foam Tech Inc,,,,,,,,,,,,Contractor Services,,,,,,"""Performance Foam Tech Inc"" contractor phone address"
Twenty Eight Builders Inc,Twenty Eight Builders Inc,,,,,,,,,,,,General Construction,,,,,,"""Twenty Eight Builders Inc"" contractor phone address"
MidState Roofing LLC,MidState Roofing LLC,,,,,,,,,,,,Roofing,,,,,,"""MidState Roofing LLC"" contractor phone address"
Seamless Gutter Pros LLC,Seamless Gutter Pros LLC,,,,,,,,,,,,Contractor Services,,,,,,"""Seamless Gutter Pros LLC"" contractor phone address"
Spray Foam Insulators,Spray Foam Insulators,,,,,,,,,,,,Spray Foam Insulation,,,,,,"""Spray Foam Insulators"" contractor phone address"
Air Tight Spray Foam of Pensacola LLC,Air Tight Spray Foam of Pensacola LLC,,,,,,,,,,,,Spray Foam Insulation,,,,,,"""Air Tight Spray Foam of Pensacola LLC"" contractor phone address"
Cobb Construction LLC,Cobb Construction LLC,,,,,,,,,,,,General Construction,,,,,,"""Cobb Construction LLC"" contractor phone address"
J&J Masonry Inc,J&J Masonry Inc,,,,,,,,,,,,Contractor Services,,,,,,"""J&J Masonry Inc"" contractor phone address"
Foam Home Insulators LLC,Foam Home Insulators LLC,,,,,,,,,,,,Contractor Services,,,,,,"""Foam Home Insulators LLC"" contractor phone address"
Pelak Insulation Solutions LLC,Pelak Insulation Solutions LLC,,,,,,,,,,,,Spray Foam Insulation,,,,,,"""Pelak Insulation Solutions LLC"" contractor phone address"
Mountain States Spray Foam LLC,Mountain States Spray Foam LLC,,,,,,,,,,,,Spray Foam Insulation,,,,,,"""Mountain States Spray Foam LLC"" contractor phone address"
Almanza Roofing Inc,Almanza Roofing Inc,,,,,,,,,,,,Roofing,,,,,,"""Almanza Roofing Inc"" contractor phone address"
Southeast Investment Partners LLC,Southeast Investment Partners LLC,,,,,,,,,,,,Contractor Services,,,,,,"""Southeast Investment Partners LLC"" contractor phone address"
First Alarm Foam LLC,First Alarm Foam LLC,,,,,,,,,,,,Contractor Services,,,,,,"""First Alarm Foam LLC"" contractor phone address"
Architectural Fabricators LLC,Architectural Fabricators LLC,,,,,,,,,,,,Contractor Services,,,,,,"""Architectural Fabricators LLC"" contractor phone address"
Thermal Spray Foam Solutions LLC,Thermal Spray Foam Solutions LLC,,,,,,,,,,,,Spray Foam Insulation,,,,,,"""Thermal Spray Foam Solutions LLC"" contractor phone address"
Nailhead Roofing PLLC,Nailhead Roofing PLLC,,,,,,,,,,,,Roofing,,,,,,"""Nailhead Roofing PLLC"" contractor phone address"
Rockin T Construction & Spray Foam Solutions LLC,Rockin T Construction & Spray Foam Solutions LLC,,,,,,,,,,,,Spray Foam Insulation,,,,,,"""Rockin T Construction & Spray Foam Solutions LLC"" contractor phone address"
Pik Construction LLC,Pik Construction LLC,,,,,,,,,,,,General Construction,,,,,,"""Pik Construction LLC"" contractor phone address"
NRD Nevada Roofing Division LLC,NRD Nevada Roofing Division LLC,,,,,,,,,,,,Roofing,,,,,,"""NRD Nevada Roofing Division LLC"" contractor phone address"
Elevated Insulation LLC DBA: Kelbro Painting,Elevated Insulation LLC,Kelbro Painting,,,,,,,,,,,Spray Foam Insulation,,,,,,"""Elevated Insulation LLC"" contractor phone address"
Alliance Roof Solutions and Coatings LLC,Alliance Roof Solutions and Coatings LLC,,,,,,,,,,,,Roofing,,,,,,"""Alliance Roof Solutions and Coatings LLC"" contractor phone address"
Texas Commercial Roofing LLC,Texas Commercial Roofing LLC,,,,,,,,,,,,Roofing,,,,,,"""Texas Commercial Roofing LLC"" contractor phone address"
Flatland Roofing & Insulation LLC DBA: Tyrell Penner,Flatland Roofing & Insulation LLC,Tyrell Penner,,,,,,,,,,,Spray Foam Insulation,,,,,,"""Flatland Roofing & Insulation LLC"" contractor phone address"
Thermal Spray Solution LLC,Thermal Spray Solution LLC,,,,,,,,,,,,Contractor Services,,,,,,"""Thermal Spray Solution LLC"" contractor phone address"
Axiom Hoist LLC,Axiom Hoist LLC,,,,,,,,,,,,Contractor Services,,,,,,"""Axiom Hoist LLC"" contractor phone address"
Lewis Surface Development Co.,Lewis Surface Development Co.,,,,,,,,,,,,Contractor Services,,,,,,"""Lewis Surface Development Co."" contractor phone address"
3A Foam Specialists LLC,3A Foam Specialists LLC,,,,,,,,,,,,Contractor Services,,,,,,"""3A Foam Specialists LLC"" contractor phone address"
DNS Roof Restoration LLC,DNS Roof Restoration LLC,,,,,,,,,,,,Roofing,,,,,,"""DNS Roof Restoration LLC"" contractor phone address"
Foam Tech Solutions LLC DBA: Aesthetic Concrete Coatings LLC,Foam Tech Solutions LLC,Aesthetic Concrete Coatings LLC,,,,,,,,,,,Contractor Services,,,,,,"""Foam Tech Solutions LLC"" contractor phone address"
Doctor Spray Foam LLC,Doctor Spray Foam LLC,,,,,,,,,,,,Spray Foam Insulation,,,,,,"""Doctor Spray Foam LLC"" contractor phone address"
Epic Spray Foam LLC,Epic Spray Foam LLC,,,,,,,,,,,,Spray Foam Insulation,,,,,,"""Epic Spray Foam LLC"" contractor phone address"
Wieler Construction LLC,Wieler Construction LLC,,,,,,,,,,,,General Construction,,,,,,"""Wieler Construction LLC"" contractor phone address"
Total Restoration Services LLC,Total Restoration Services LLC,,,,,,,,,,,,Contractor Services,,,,,,"""Total Restoration Services LLC"" contractor phone address"
Best Choice Roofing & Construction LLC,Best Choice Roofing & Construction LLC,,,,,,,,,,,,Roofing,,,,,,"""Best Choice Roofing & Construction LLC"" contractor phone address"
Basswood Roofing LLC,Basswood Roofing LLC,,,,,,,,,,,,Roofing,,,,,,"""Basswood Roofing LLC"" contractor phone address"
Great Lakes Commercial Roofing LLC,Great Lakes Commercial Roofing LLC,,,,,,,,,,,,Roofing,,,,,,"""Great Lakes Commercial Roofing LLC"" contractor phone address"
